{"cameraMode":{"drawMode":0,"name":"Shaded","section":"Shading Mode"},"sceneLighting":true,"audioPlay":false,"sceneViewState":{"m_AlwaysRefresh":false,"showFog":true,"showSkybox":true,"showFlares":true,"showImageEffects":true,"showParticleSystems":true,"showVisualEffectGraphs":true,"m_FxEnabled":true},"in2DMode":false,"pivot":{"x":-2.1254899501800539,"y":-18.976327896118165,"z":-24.374849319458009},"rotation":{"x":-0.011754750274121762,"y":-0.8930837512016296,"z":0.4489733576774597,"w":0.032797347754240039},"size":25.063840866088868,"orthographic":false}